id,date,coverage_pct,cloud_pct_aoi,shadow_pct_aoi,cloud_shadow_pct_aoi,cloud_pct_valid,aoi_pixels,valid_pixels
S2A_MSIL2A_20240101T052221_R062_T43PFN_20240101T091851,2024-01-01,100.0,77.6648,6.4704,84.1352,77.6648,250000,250000
S2B_MSIL2A_20240106T052219_R062_T43PFN_20240106T091159,2024-01-06,100.0,82.1836,10.284,92.4676,82.1836,250000,250000
S2A_MSIL2A_20240111T052201_R062_T43PFN_20240111T092158,2024-01-11,100.0,41.0032,2.8404,43.8436,41.0032,250000,250000
S2B_MSIL2A_20240116T052149_R062_T43PFN_20240116T091525,2024-01-16,100.0,1.2052,8.6172,9.8224,1.2052,250000,250000
S2A_MSIL2A_20240121T052111_R062_T43PFN_20240121T122000,2024-01-21,100.0,2.7768,6.0548,8.8316,2.7768,250000,250000
S2B_MSIL2A_20240126T052109_R062_T43PFN_20240126T093833,2024-01-26,100.0,0.0156,2.4951999999999996,2.5107999999999997,0.0156,250000,250000
S2A_MSIL2A_20240131T052041_R062_T43PFN_20240131T101202,2024-01-31,100.0,8.2776,7.3999999999999995,15.6776,8.2776,250000,250000
S2B_MSIL2A_20240205T052019_R062_T43PFN_20240205T100410,2024-02-05,100.0,0.0,1.7572,1.7572,0.0,250000,250000
S2A_MSIL2A_20240210T051951_R062_T43PFN_20240210T100703,2024-02-10,100.0,0.0,1.48,1.48,0.0,250000,250000
S2B_MSIL2A_20240215T051919_R062_T43PFN_20240215T094609,2024-02-15,100.0,0.308,3.0084,3.3164,0.308,250000,250000
S2A_MSIL2A_20240220T051841_R062_T43PFN_20240220T101745,2024-02-20,100.0,12.2196,12.790000000000001,25.0096,12.2196,250000,250000
S2B_MSIL2A_20240225T051809_R062_T43PFN_20240225T094443,2024-02-25,100.0,38.4548,17.5504,56.0052,38.4548,250000,250000
S2A_MSIL2A_20240301T051741_R062_T43PFN_20240301T101216,2024-03-01,100.0,4.0004,3.7212,7.7216000000000005,4.0004,250000,250000
S2B_MSIL2A_20240306T051659_R062_T43PFN_20240306T093712,2024-03-06,100.0,1.0344,3.8968000000000003,4.9312000000000005,1.0344,250000,250000
S2A_MSIL2A_20240311T051651_R062_T43PFN_20240311T141302,2024-03-11,100.0,12.6608,13.877999999999998,26.538800000000002,12.6608,250000,250000
S2B_MSIL2A_20240316T051649_R062_T43PFN_20240316T100805,2024-03-16,100.0,46.886,9.2964,56.1824,46.886,250000,250000
S2A_MSIL2A_20240321T051651_R062_T43PFN_20240321T102343,2024-03-21,100.0,34.2796,6.658799999999999,40.9384,34.2796,250000,250000
S2B_MSIL2A_20240326T051649_R062_T43PFN_20240326T104419,2024-03-26,100.0,14.2024,2.2272,16.4296,14.2024,250000,250000
S2A_MSIL2A_20240331T051651_R062_T43PFN_20240331T113915,2024-03-31,100.0,34.5464,9.6512,44.1976,34.5464,250000,250000
S2B_MSIL2A_20240405T051649_R062_T43PFN_20240405T111912,2024-04-05,100.0,72.4252,0.1564,72.58160000000001,72.4252,250000,250000
S2A_MSIL2A_20240410T051651_R062_T43PFN_20240410T145500,2024-04-10,100.0,4.6508,3.8876,8.5384,4.6508,250000,250000
S2B_MSIL2A_20240415T051649_R062_T43PFN_20240415T092743,2024-04-15,100.0,68.9236,0.32399999999999995,69.24759999999999,68.9236,250000,250000
S2A_MSIL2A_20240420T051651_R062_T43PFN_20240420T111847,2024-04-20,100.0,100.0,0.0,100.0,100.0,250000,250000
S2B_MSIL2A_20240425T051649_R062_T43PFN_20240425T092439,2024-04-25,100.0,32.558,2.0656,34.623599999999996,32.558,250000,250000
S2A_MSIL2A_20240430T051651_R062_T43PFN_20240430T101645,2024-04-30,100.0,88.1356,0.0,88.1356,88.1356,250000,250000
S2B_MSIL2A_20240505T051649_R062_T43PFN_20240505T102105,2024-05-05,100.0,59.5056,1.4968000000000001,61.0024,59.5056,250000,250000
S2A_MSIL2A_20240510T051651_R062_T43PFN_20240510T101758,2024-05-10,100.0,100.0,0.0,100.0,100.0,250000,250000
S2B_MSIL2A_20240515T051649_R062_T43PFN_20240515T101604,2024-05-15,100.0,18.6616,0.8191999999999999,19.480800000000002,18.6616,250000,250000
S2A_MSIL2A_20240520T051651_R062_T43PFN_20240520T114345,2024-05-20,100.0,100.0,0.0,100.0,100.0,250000,250000
S2B_MSIL2A_20240525T051649_R062_T43PFN_20240525T093625,2024-05-25,100.0,100.0,0.0,100.0,100.0,250000,250000
S2A_MSIL2A_20240530T051651_R062_T43PFN_20240530T122145,2024-05-30,100.0,88.8416,0.2592,89.1008,88.8416,250000,250000
S2B_MSIL2A_20240604T051649_R062_T43PFN_20240604T101903,2024-06-04,100.0,99.9692,0.0,99.9692,99.9692,250000,250000
S2A_MSIL2A_20240609T051701_R062_T43PFN_20240609T111806,2024-06-09,100.0,99.5412,0.0,99.5412,99.5412,250000,250000
S2B_MSIL2A_20240614T051659_R062_T43PFN_20240614T094525,2024-06-14,100.0,98.41919999999999,0.0,98.41919999999999,98.41919999999999,250000,250000
S2A_MSIL2A_20240619T051701_R062_T43PFN_20240619T111644,2024-06-19,100.0,100.0,0.0,100.0,100.0,250000,250000
S2B_MSIL2A_20240624T051659_R062_T43PFN_20240624T094624,2024-06-24,100.0,96.11800000000001,3.7956,99.9136,96.11800000000001,250000,250000
S2A_MSIL2A_20240629T051651_R062_T43PFN_20240629T111902,2024-06-29,100.0,99.71799999999999,0.252,99.97,99.71799999999999,250000,250000
S2B_MSIL2A_20240704T051659_R062_T43PFN_20240705T220846,2024-07-04,100.0,97.5696,2.4299999999999997,99.9996,97.5696,250000,250000
S2A_MSIL2A_20240709T051651_R062_T43PFN_20240709T100656,2024-07-09,100.0,100.0,0.0,100.0,100.0,250000,250000
S2B_MSIL2A_20240714T051649_R062_T43PFN_20240714T093218,2024-07-14,100.0,100.0,0.0,100.0,100.0,250000,250000
S2A_MSIL2A_20240719T051651_R062_T43PFN_20240719T122237,2024-07-19,100.0,100.0,0.0,100.0,100.0,250000,250000
S2B_MSIL2A_20240724T051659_R062_T43PFN_20240724T092605,2024-07-24,100.0,100.0,0.0,100.0,100.0,250000,250000
S2A_MSIL2A_20240729T051651_R062_T43PFN_20240729T110252,2024-07-29,100.0,100.0,0.0,100.0,100.0,250000,250000
S2B_MSIL2A_20240803T051649_R062_T43PFN_20240803T074601,2024-08-03,100.0,100.0,0.0,100.0,100.0,250000,250000
S2A_MSIL2A_20240808T051651_R062_T43PFN_20240808T112745,2024-08-08,100.0,100.0,0.0,100.0,100.0,250000,250000
S2B_MSIL2A_20240813T051659_R062_T43PFN_20240813T095611,2024-08-13,100.0,78.7624,4.5348,83.2972,78.7624,250000,250000
S2A_MSIL2A_20240818T051651_R062_T43PFN_20240818T114152,2024-08-18,100.0,90.6836,2.7788,93.4624,90.6836,250000,250000
S2B_MSIL2A_20240823T051649_R062_T43PFN_20240823T102022,2024-08-23,100.0,76.9508,5.216,82.1668,76.9508,250000,250000
S2A_MSIL2A_20240828T051651_R062_T43PFN_20240828T111554,2024-08-28,100.0,99.8764,0.0828,99.95920000000001,99.8764,250000,250000
S2B_MSIL2A_20240902T051659_R062_T43PFN_20240902T094006,2024-09-02,100.0,98.2664,0.8936,99.16,98.2664,250000,250000
S2A_MSIL2A_20240907T051651_R062_T43PFN_20240907T103243,2024-09-07,100.0,99.9988,0.0012000000000000001,100.0,99.9988,250000,250000
S2B_MSIL2A_20240912T051649_R062_T43PFN_20240912T111717,2024-09-12,100.0,92.1724,4.4676,96.64,92.1724,250000,250000
S2B_MSIL2A_20240922T051649_R062_T43PFN_20240922T085319,2024-09-22,100.0,80.8012,7.6472,88.4484,80.8012,250000,250000
S2A_MSIL2A_20240927T051651_R062_T43PFN_20240927T100953,2024-09-27,100.0,97.3216,0.12,97.4416,97.3216,250000,250000
S2B_MSIL2A_20241002T051649_R062_T43PFN_20241002T092633,2024-10-02,100.0,96.1796,0.1588,96.33840000000001,96.1796,250000,250000
S2A_MSIL2A_20241007T051711_R062_T43PFN_20241007T085546,2024-10-07,100.0,100.0,0.0,100.0,100.0,250000,250000
S2B_MSIL2A_20241012T051649_R062_T43PFN_20241012T082350,2024-10-12,100.0,99.9748,0.024800000000000003,99.9996,99.9748,250000,250000
S2A_MSIL2A_20241017T051821_R062_T43PFN_20241017T090653,2024-10-17,100.0,99.1732,0.0,99.1732,99.1732,250000,250000
S2B_MSIL2A_20241022T051759_R062_T43PFN_20241022T080425,2024-10-22,100.0,100.0,0.0,100.0,100.0,250000,250000
S2A_MSIL2A_20241027T051921_R062_T43PFN_20241027T091505,2024-10-27,100.0,55.736,16.4448,72.1808,55.736,250000,250000
S2B_MSIL2A_20241101T051859_R062_T43PFN_20241101T074458,2024-11-01,100.0,79.7608,1.3656,81.1264,79.7608,250000,250000
S2A_MSIL2A_20241106T052011_R062_T43PFN_20241106T090952,2024-11-06,100.0,25.7936,14.849599999999999,40.6432,25.7936,250000,250000
S2B_MSIL2A_20241111T051939_R062_T43PFN_20241111T074736,2024-11-11,100.0,86.7132,5.428,92.1412,86.7132,250000,250000
S2A_MSIL2A_20241116T052111_R062_T43PFN_20241116T085548,2024-11-16,100.0,69.5856,14.577200000000001,84.1628,69.5856,250000,250000
S2B_MSIL2A_20241121T052029_R062_T43PFN_20241121T075037,2024-11-21,100.0,99.112,0.0,99.112,99.112,250000,250000
S2A_MSIL2A_20241126T052141_R062_T43PFN_20241126T083347,2024-11-26,100.0,99.9996,0.0,99.9996,99.9996,250000,250000
S2B_MSIL2A_20241201T052109_R062_T43PFN_20241201T073310,2024-12-01,100.0,100.0,0.0,100.0,100.0,250000,250000
S2A_MSIL2A_20241206T052211_R062_T43PFN_20241206T083150,2024-12-06,100.0,6.0272,4.5120000000000005,10.5392,6.0272,250000,250000
S2B_MSIL2A_20241211T052119_R062_T43PFN_20241211T082802,2024-12-11,100.0,15.3016,10.432,25.733600000000003,15.3016,250000,250000
S2A_MSIL2A_20241216T052231_R062_T43PFN_20241216T085751,2024-12-16,100.0,0.0,1.3944,1.3944,0.0,250000,250000
S2B_MSIL2A_20241221T052139_R062_T43PFN_20241221T085553,2024-12-21,100.0,57.932399999999994,20.2512,78.1836,57.932399999999994,250000,250000
S2A_MSIL2A_20241226T052231_R062_T43PFN_20241226T082151,2024-12-26,100.0,53.5512,21.392400000000002,74.9436,53.5512,250000,250000
S2B_MSIL2A_20241231T052119_R062_T43PFN_20241231T080106,2024-12-31,100.0,17.5736,10.668800000000001,28.2424,17.5736,250000,250000
